<?xml version="1.0" encoding="UTF-8"?>
<project-private xmlns="http://www.netbeans.org/ns/project-private/1">
    <editor-bookmarks xmlns="http://www.netbeans.org/ns/editor-bookmarks/2" lastBookmarkId="1"/>
    <open-files xmlns="http://www.netbeans.org/ns/projectui-open-files/2">
        <group>
            <file>file:/C:/Users/Doe/Documents/NetBeansProjects/QuestionMaker/src/questionmaker/MainForm.java</file>
            <file>file:/C:/Users/Doe/Documents/NetBeansProjects/QuestionMaker/src/algorithms/Base10/Level3_1/Round_to_nearest_100_base10_3_1.java</file>
            <file>file:/C:/Users/Doe/Documents/NetBeansProjects/QuestionMaker/src/algorithms/Base10/Level4_1/base10_64_times_30_4_1.java</file>
            <file>file:/C:/Users/Doe/Documents/NetBeansProjects/QuestionMaker/src/algorithms/Base10/Level3_3/a_times_b_10_to_90_base10_3_3.java</file>
            <file>file:/C:/Users/Doe/Documents/NetBeansProjects/QuestionMaker/src/algorithms/Algebra/Level3_2/WordProb_division_Alg_3_2.java</file>
        </group>
    </open-files>
</project-private>
